#,Instance,Score (kcal/mol),AD 1st-99th,AD 100th
1,eaa1trinotemp_a7a6b_unrelaxed_rank_005_alphafold2_multimer_v3_model_5_seed_000.pdb,-19.4,Out,Out
2,eaa1trinotemp_a7a6b_unrelaxed_rank_004_alphafold2_multimer_v3_model_2_seed_000.pdb,-19.3,Out,Out
3,eaa1trinotemp_a7a6b_unrelaxed_rank_003_alphafold2_multimer_v3_model_3_seed_000.pdb,-19.1,Out,Out
4,eaa1trinotemp_a7a6b_unrelaxed_rank_001_alphafold2_multimer_v3_model_4_seed_000.pdb,-18.8,Out,Out
5,eaa1trinotemp_a7a6b_unrelaxed_rank_002_alphafold2_multimer_v3_model_1_seed_000.pdb,-18.8,Out,Out
6,eaadinotemp_86442_unrelaxed_rank_001_alphafold2_multimer_v3_model_2_seed_000.pdb,-17.5,Out,Out
7,r_0365.pdb,-17.5,Out,Out
8,eaadinotemp_86442_unrelaxed_rank_003_alphafold2_multimer_v3_model_3_seed_000.pdb,-17.5,Out,Out
9,r_0296.pdb,-17.4,Out,Out
10,eaadinotemp_86442_unrelaxed_rank_004_alphafold2_multimer_v3_model_5_seed_000.pdb,-17.2,Out,Out
11,eaadinotemp_86442_unrelaxed_rank_005_alphafold2_multimer_v3_model_4_seed_000.pdb,-17.1,Out,Out
12,eaadinotemp_86442_unrelaxed_rank_002_alphafold2_multimer_v3_model_1_seed_000.pdb,-17.0,Out,Out
13,r_0097.pdb,-17.0,Out,Out
14,r_0672.pdb,-17.0,Out,Out
15,r_0090.pdb,-17.0,Out,Out
16,r_0529.pdb,-16.9,Out,Out
17,r_0221.pdb,-16.9,Out,Out
18,r_0793.pdb,-16.9,Out,Out
19,r_0076.pdb,-16.9,Out,Out
20,r_0456.pdb,-16.8,Out,Out
21,EAA1_E7EUV6r_0044.pdb,-14.6,Out,In
22,EAA1_E7EUV6r_0390.pdb,-14.4,Out,In
23,EAA1_E7EUV6_dbd33_unrelaxed_rank_005_alphafold2_multimer_v3_model_1_seed_000.pdb,-14.4,Out,In
24,EAA1_E7EUV6r_0991.pdb,-14.4,Out,In
25,EAA1_E7EUV6_dbd33_unrelaxed_rank_001_alphafold2_multimer_v3_model_4_seed_000.pdb,-14.4,Out,In
26,EAA1_E7EUV6r_0423.pdb,-14.4,Out,In
27,EAA1_E7EUV6r_0642.pdb,-14.3,Out,In
28,EAA1_E7EUV6_dbd33_unrelaxed_rank_003_alphafold2_multimer_v3_model_3_seed_000.pdb,-13.9,Out,Out
29,EAA1_E7EUV6_dbd33_unrelaxed_rank_004_alphafold2_multimer_v3_model_5_seed_000.pdb,-13.9,Out,Out
30,EAA1_E7EUV6r_0202.pdb,-13.8,Out,In
31,EAA1_E7EUV6r_0746.pdb,-13.7,Out,In
32,EAA1_E7EUV6r_0961.pdb,-13.7,Out,In
33,EAA1_E7EUV6r_0739.pdb,-13.5,Out,In
34,EAA1_E7EUV6_dbd33_unrelaxed_rank_002_alphafold2_multimer_v3_model_2_seed_000.pdb,-12.9,Out,Out
35,EAA1_E7EUV6r_0406.pdb,-12.9,Out,In
